Top pages,Clicks,Impressions,CTR,Position
https://aicalc.cloud/,0,23,0%,89
https://aicalc.cloud/llm-pricing/gemini-2-0-flash-pricing/,0,14,0%,42.36
https://aicalc.cloud/voice-agent-pricing/,0,8,0%,37
https://aicalc.cloud/llm-pricing/gemini-1-5-pro-pricing/,0,7,0%,24.29
https://aicalc.cloud/cron-generator/every-hour/,0,6,0%,19.5
https://aicalc.cloud/llm-pricing/deepseek-v4-flash-pricing/,0,5,0%,5.4
https://aicalc.cloud/llm-pricing/llm-cost-calculator/,0,5,0%,60.8
https://aicalc.cloud/compare/,0,3,0%,13
https://aicalc.cloud/cron-generator/every-friday-5pm/,0,2,0%,9.5
https://aicalc.cloud/llm-pricing/claude-3-7-sonnet-pricing/,0,2,0%,52
https://aicalc.cloud/llm-pricing/o3-pricing/,0,2,0%,75.5
https://aicalc.cloud/alternatives/docmost/,0,1,0%,9
https://aicalc.cloud/alternatives/slack/,0,1,0%,53
https://aicalc.cloud/cron-generator/es/,0,1,0%,79
https://aicalc.cloud/llm-pricing/llm-cost-comparison/,0,1,0%,79