Top queries,Clicks,Impressions,CTR,Position
api price,0,6,0%,92.17
api pricing,0,5,0%,92
api pricing.,0,4,0%,90
api cost,0,4,0%,91.25
cron every friday,0,2,0%,9.5
google gemini 1.5 flash api pricing,0,2,0%,22
gemini 2.0 flash api price,0,2,0%,39
gemini api price,0,2,0%,69.5
api costs,0,2,0%,90
deepseek api pricing may 2026 v4,0,1,0%,1
"site:vercel.app ""notion""",0,1,0%,2
deepseek v4 flash pricing may 2026,0,1,0%,3
google gemini 1.5 pro pricing,0,1,0%,8
deepseek v4 flash api pricing 2026,0,1,0%,9
"elevenlabs text to speech flash or turbo model api price per 1000 
characters usd",0,1,0%,9
gemini 2.0 flash price,0,1,0%,9
gemini 2 flash pricing,0,1,0%,10
cron every hour,0,1,0%,12
crontab hourly,0,1,0%,19
cron job for every hour,0,1,0%,24
logseq,0,1,0%,27
hourly cron job,0,1,0%,28
gemini 1.5 pro api,0,1,0%,43
chatgpt api calculator,0,1,0%,44
self hosted slack,0,1,0%,53
gemini 1.5 pro pricing,0,1,0%,55
sonnet 3.7 pricing,0,1,0%,55
llm api cost calculator,0,1,0%,61
o3 pricing,0,1,0%,62
gemini pricing api,0,1,0%,68
gemini api pricing,0,1,0%,70
gemini token,0,1,0%,71
gemini-2.5-flash price,0,1,0%,71
voice.ai cost,0,1,0%,71
custom speech service pricing,0,1,0%,75
expression cron,0,1,0%,79
llm price comparison,0,1,0%,79
ai api costs,0,1,0%,85
llm api pricing,0,1,0%,87
open api pricing,0,1,0%,89
enterprise voice ai pricing,0,1,0%,91
cost of building a custom llm,0,1,0%,99